urine rate,catheter length,bladder steady state,time to blockage
5.0,40.0,741084.0,32.58333333333333
5.0,45.0,741082.0,34.5
5.0,50.0,741081.0,36.25
5.0,55.0,741082.0,37.916666666666664
5.0,60.0,741083.0,39.416666666666664
5.0,65.0,741085.0,40.916666666666664
5.0,70.0,741087.0,42.25
5.0,75.0,741089.0,43.5
5.0,80.0,741091.0,44.75
5.0,85.0,741093.0,45.916666666666664
5.0,90.0,741095.0,47.0
5.0,95.0,741097.0,48.08333333333333
5.0,100.0,741099.0,49.08333333333333
5.0,105.0,741101.0,50.0
5.0,110.0,741103.0,51.0
5.0,115.0,741105.0,51.83333333333333
5.0,120.0,741106.0,52.666666666666664
5.0,125.0,741108.0,53.5
5.0,130.0,741109.0,54.33333333333333
5.0,135.0,741111.0,55.08333333333333
5.0,140.0,741112.0,55.83333333333333
5.0,145.0,741114.0,56.5
5.0,150.0,741115.0,57.25
5.0,155.0,741116.0,57.916666666666664
5.0,160.0,741117.0,58.58333333333333
5.0,165.0,741118.0,59.166666666666664
5.0,170.0,741119.0,59.83333333333333
5.0,175.0,741120.0,60.416666666666664
5.0,180.0,741121.0,61.0
5.0,185.0,741122.0,61.58333333333333
5.0,190.0,741123.0,62.08333333333333
5.0,195.0,741124.0,62.666666666666664
5.0,200.0,741125.0,63.166666666666664
6.0,40.0,689201.0,32.83333333333333
6.0,45.0,689199.0,34.75
6.0,50.0,689199.0,36.58333333333333
6.0,55.0,689200.0,38.33333333333333
6.0,60.0,689202.0,39.916666666666664
6.0,65.0,689204.0,41.5
6.0,70.0,689206.0,42.916666666666664
6.0,75.0,689208.0,44.25
6.0,80.0,689211.0,45.5
6.0,85.0,689213.0,46.75
6.0,90.0,689216.0,47.916666666666664
6.0,95.0,689218.0,49.0
6.0,100.0,689220.0,50.08333333333333
6.0,105.0,689222.0,51.08333333333333
6.0,110.0,689224.0,52.08333333333333
6.0,115.0,689226.0,53.0
6.0,120.0,689228.0,53.916666666666664
6.0,125.0,689230.0,54.75
6.0,130.0,689232.0,55.58333333333333
6.0,135.0,689233.0,56.416666666666664
6.0,140.0,689235.0,57.166666666666664
6.0,145.0,689236.0,57.916666666666664
6.0,150.0,689238.0,58.666666666666664
6.0,155.0,689239.0,59.416666666666664
6.0,160.0,689240.0,60.08333333333333
6.0,165.0,689242.0,60.75
6.0,170.0,689243.0,61.416666666666664
6.0,175.0,689244.0,62.0
6.0,180.0,689245.0,62.666666666666664
6.0,185.0,689246.0,63.25
6.0,190.0,689247.0,63.83333333333333
6.0,195.0,689248.0,64.41666666666666
6.0,200.0,689249.0,65.0
7.0,40.0,637326.0,33.0
7.0,45.0,637325.0,35.0
7.0,50.0,637325.0,36.83333333333333
7.0,55.0,637327.0,38.58333333333333
7.0,60.0,637329.0,40.25
7.0,65.0,637332.0,41.83333333333333
7.0,70.0,637334.0,43.33333333333333
7.0,75.0,637337.0,44.75
7.0,80.0,637340.0,46.08333333333333
7.0,85.0,637343.0,47.33333333333333
7.0,90.0,637346.0,48.58333333333333
7.0,95.0,637348.0,49.666666666666664
7.0,100.0,637351.0,50.83333333333333
7.0,105.0,637353.0,51.83333333333333
7.0,110.0,637355.0,52.916666666666664
7.0,115.0,637358.0,53.83333333333333
7.0,120.0,637360.0,54.75
7.0,125.0,637362.0,55.666666666666664
7.0,130.0,637364.0,56.58333333333333
7.0,135.0,637365.0,57.416666666666664
7.0,140.0,637367.0,58.25
7.0,145.0,637369.0,59.0
7.0,150.0,637370.0,59.75
7.0,155.0,637372.0,60.5
7.0,160.0,637373.0,61.25
7.0,165.0,637374.0,62.0
7.0,170.0,637376.0,62.666666666666664
7.0,175.0,637377.0,63.33333333333333
7.0,180.0,637378.0,64.0
7.0,185.0,637379.0,64.58333333333333
7.0,190.0,637380.0,65.25
7.0,195.0,637381.0,65.83333333333333
7.0,200.0,637382.0,66.41666666666666
8.0,40.0,585462.0,33.08333333333333
8.0,45.0,585462.0,35.08333333333333
8.0,50.0,585463.0,37.0
8.0,55.0,585465.0,38.83333333333333
8.0,60.0,585468.0,40.5
8.0,65.0,585471.0,42.08333333333333
8.0,70.0,585474.0,43.58333333333333
8.0,75.0,585478.0,45.08333333333333
8.0,80.0,585481.0,46.416666666666664
8.0,85.0,585484.0,47.75
8.0,90.0,585487.0,49.0
8.0,95.0,585490.0,50.166666666666664
8.0,100.0,585493.0,51.33333333333333
8.0,105.0,585496.0,52.416666666666664
8.0,110.0,585499.0,53.416666666666664
8.0,115.0,585501.0,54.416666666666664
8.0,120.0,585503.0,55.416666666666664
8.0,125.0,585506.0,56.33333333333333
8.0,130.0,585508.0,57.25
8.0,135.0,585510.0,58.166666666666664
8.0,140.0,585511.0,59.0
8.0,145.0,585513.0,59.75
8.0,150.0,585515.0,60.58333333333333
8.0,155.0,585517.0,61.33333333333333
8.0,160.0,585518.0,62.08333333333333
8.0,165.0,585520.0,62.83333333333333
8.0,170.0,585521.0,63.5
8.0,175.0,585522.0,64.25
8.0,180.0,585524.0,64.91666666666666
8.0,185.0,585525.0,65.58333333333333
8.0,190.0,585526.0,66.16666666666666
8.0,195.0,585527.0,66.83333333333333
8.0,200.0,585528.0,67.41666666666666
9.0,40.0,533613.0,33.166666666666664
9.0,45.0,533613.0,35.166666666666664
9.0,50.0,533615.0,37.08333333333333
9.0,55.0,533618.0,38.916666666666664
9.0,60.0,533621.0,40.666666666666664
9.0,65.0,533625.0,42.25
9.0,70.0,533629.0,43.83333333333333
9.0,75.0,533633.0,45.25
9.0,80.0,533637.0,46.666666666666664
9.0,85.0,533641.0,48.0
9.0,90.0,533644.0,49.25
9.0,95.0,533648.0,50.5
9.0,100.0,533651.0,51.58333333333333
9.0,105.0,533654.0,52.75
9.0,110.0,533657.0,53.83333333333333
9.0,115.0,533660.0,54.83333333333333
9.0,120.0,533662.0,55.83333333333333
9.0,125.0,533665.0,56.75
9.0,130.0,533667.0,57.75
9.0,135.0,533670.0,58.58333333333333
9.0,140.0,533672.0,59.5
9.0,145.0,533674.0,60.33333333333333
9.0,150.0,533676.0,61.08333333333333
9.0,155.0,533677.0,61.916666666666664
9.0,160.0,533679.0,62.666666666666664
9.0,165.0,533681.0,63.416666666666664
9.0,170.0,533682.0,64.16666666666666
9.0,175.0,533684.0,64.83333333333333
9.0,180.0,533685.0,65.5
9.0,185.0,533687.0,66.16666666666666
9.0,190.0,533688.0,66.83333333333333
9.0,195.0,533689.0,67.5
9.0,200.0,533690.0,68.08333333333333
10.0,40.0,481781.0,33.166666666666664
10.0,45.0,481782.0,35.25
10.0,50.0,481785.0,37.166666666666664
10.0,55.0,481789.0,39.0
10.0,60.0,481794.0,40.75
10.0,65.0,481799.0,42.33333333333333
10.0,70.0,481803.0,43.916666666666664
10.0,75.0,481808.0,45.416666666666664
10.0,80.0,481813.0,46.83333333333333
10.0,85.0,481817.0,48.166666666666664
10.0,90.0,481821.0,49.416666666666664
10.0,95.0,481825.0,50.666666666666664
10.0,100.0,481829.0,51.83333333333333
10.0,105.0,481833.0,53.0
10.0,110.0,481836.0,54.08333333333333
10.0,115.0,481839.0,55.08333333333333
10.0,120.0,481842.0,56.08333333333333
10.0,125.0,481845.0,57.08333333333333
10.0,130.0,481848.0,58.0
10.0,135.0,481850.0,58.916666666666664
10.0,140.0,481853.0,59.83333333333333
10.0,145.0,481855.0,60.666666666666664
10.0,150.0,481857.0,61.5
10.0,155.0,481859.0,62.25
10.0,160.0,481861.0,63.08333333333333
10.0,165.0,481863.0,63.83333333333333
10.0,170.0,481865.0,64.58333333333333
10.0,175.0,481866.0,65.25
10.0,180.0,481868.0,66.0
10.0,185.0,481870.0,66.66666666666666
10.0,190.0,481871.0,67.33333333333333
10.0,195.0,481872.0,68.0
10.0,200.0,481874.0,68.58333333333333
11.0,40.0,429974.0,33.25
11.0,45.0,429977.0,35.25
11.0,50.0,429981.0,37.166666666666664
11.0,55.0,429987.0,39.0
11.0,60.0,429993.0,40.75
11.0,65.0,429998.0,42.416666666666664
11.0,70.0,430004.0,44.0
11.0,75.0,430010.0,45.5
11.0,80.0,430015.0,46.916666666666664
11.0,85.0,430021.0,48.25
11.0,90.0,430026.0,49.58333333333333
11.0,95.0,430030.0,50.75
11.0,100.0,430035.0,52.0
11.0,105.0,430039.0,53.08333333333333
11.0,110.0,430043.0,54.25
11.0,115.0,430046.0,55.25
11.0,120.0,430050.0,56.33333333333333
11.0,125.0,430053.0,57.25
11.0,130.0,430056.0,58.25
11.0,135.0,430059.0,59.166666666666664
11.0,140.0,430062.0,60.0
11.0,145.0,430065.0,60.916666666666664
11.0,150.0,430067.0,61.75
11.0,155.0,430069.0,62.58333333333333
11.0,160.0,430072.0,63.33333333333333
11.0,165.0,430074.0,64.08333333333333
11.0,170.0,430076.0,64.83333333333333
11.0,175.0,430078.0,65.58333333333333
11.0,180.0,430080.0,66.25
11.0,185.0,430081.0,67.0
11.0,190.0,430083.0,67.66666666666666
11.0,195.0,430085.0,68.25
11.0,200.0,430086.0,68.91666666666666
12.0,40.0,378202.0,33.25
12.0,45.0,378207.0,35.25
12.0,50.0,378214.0,37.25
12.0,55.0,378221.0,39.08333333333333
12.0,60.0,378228.0,40.83333333333333
12.0,65.0,378235.0,42.5
12.0,70.0,378243.0,44.0
12.0,75.0,378250.0,45.5
12.0,80.0,378256.0,47.0
12.0,85.0,378262.0,48.33333333333333
12.0,90.0,378268.0,49.666666666666664
12.0,95.0,378274.0,50.916666666666664
12.0,100.0,378279.0,52.08333333333333
12.0,105.0,378284.0,53.25
12.0,110.0,378289.0,54.33333333333333
12.0,115.0,378293.0,55.416666666666664
12.0,120.0,378297.0,56.416666666666664
12.0,125.0,378301.0,57.416666666666664
12.0,130.0,378305.0,58.416666666666664
12.0,135.0,378308.0,59.33333333333333
12.0,140.0,378311.0,60.166666666666664
12.0,145.0,378314.0,61.08333333333333
12.0,150.0,378317.0,61.916666666666664
12.0,155.0,378320.0,62.75
12.0,160.0,378322.0,63.5
12.0,165.0,378325.0,64.33333333333333
12.0,170.0,378327.0,65.08333333333333
12.0,175.0,378329.0,65.75
12.0,180.0,378332.0,66.5
12.0,185.0,378334.0,67.16666666666666
12.0,190.0,378336.0,67.83333333333333
12.0,195.0,378337.0,68.5
12.0,200.0,378339.0,69.16666666666666
13.0,40.0,326482.0,33.25
13.0,45.0,326490.0,35.33333333333333
13.0,50.0,326498.0,37.25
13.0,55.0,326508.0,39.08333333333333
13.0,60.0,326518.0,40.83333333333333
13.0,65.0,326527.0,42.5
13.0,70.0,326536.0,44.08333333333333
13.0,75.0,326545.0,45.58333333333333
13.0,80.0,326553.0,47.0
13.0,85.0,326560.0,48.416666666666664
13.0,90.0,326568.0,49.666666666666664
13.0,95.0,326574.0,50.916666666666664
13.0,100.0,326581.0,52.166666666666664
13.0,105.0,326587.0,53.33333333333333
13.0,110.0,326592.0,54.416666666666664
13.0,115.0,326597.0,55.5
13.0,120.0,326602.0,56.5
13.0,125.0,326607.0,57.5
13.0,130.0,326611.0,58.5
13.0,135.0,326615.0,59.416666666666664
13.0,140.0,326619.0,60.33333333333333
13.0,145.0,326623.0,61.166666666666664
13.0,150.0,326626.0,62.08333333333333
13.0,155.0,326629.0,62.83333333333333
13.0,160.0,326632.0,63.666666666666664
13.0,165.0,326635.0,64.41666666666666
13.0,170.0,326638.0,65.25
13.0,175.0,326641.0,65.91666666666666
13.0,180.0,326643.0,66.66666666666666
13.0,185.0,326645.0,67.33333333333333
13.0,190.0,326648.0,68.08333333333333
13.0,195.0,326650.0,68.75
13.0,200.0,326652.0,69.33333333333333
14.0,40.0,274842.0,33.25
14.0,45.0,274853.0,35.33333333333333
14.0,50.0,274866.0,37.25
14.0,55.0,274878.0,39.08333333333333
14.0,60.0,274891.0,40.83333333333333
14.0,65.0,274903.0,42.5
14.0,70.0,274915.0,44.08333333333333
14.0,75.0,274926.0,45.58333333333333
14.0,80.0,274936.0,47.08333333333333
14.0,85.0,274946.0,48.416666666666664
14.0,90.0,274955.0,49.75
14.0,95.0,274963.0,51.0
14.0,100.0,274971.0,52.25
14.0,105.0,274978.0,53.33333333333333
14.0,110.0,274985.0,54.5
14.0,115.0,274992.0,55.58333333333333
14.0,120.0,274998.0,56.58333333333333
14.0,125.0,275003.0,57.58333333333333
14.0,130.0,275008.0,58.58333333333333
14.0,135.0,275013.0,59.5
14.0,140.0,275018.0,60.416666666666664
14.0,145.0,275022.0,61.33333333333333
14.0,150.0,275027.0,62.166666666666664
14.0,155.0,275031.0,63.0
14.0,160.0,275034.0,63.75
14.0,165.0,275038.0,64.58333333333333
14.0,170.0,275041.0,65.33333333333333
14.0,175.0,275044.0,66.08333333333333
14.0,180.0,275047.0,66.83333333333333
14.0,185.0,275050.0,67.5
14.0,190.0,275053.0,68.16666666666666
14.0,195.0,275055.0,68.83333333333333
14.0,200.0,275058.0,69.5
15.0,40.0,223336.0,33.25
15.0,45.0,223353.0,35.33333333333333
15.0,50.0,223371.0,37.25
15.0,55.0,223389.0,39.08333333333333
15.0,60.0,223406.0,40.83333333333333
15.0,65.0,223423.0,42.58333333333333
15.0,70.0,223438.0,44.166666666666664
15.0,75.0,223452.0,45.666666666666664
15.0,80.0,223466.0,47.08333333333333
15.0,85.0,223478.0,48.5
15.0,90.0,223490.0,49.75
15.0,95.0,223501.0,51.08333333333333
15.0,100.0,223511.0,52.25
15.0,105.0,223520.0,53.416666666666664
15.0,110.0,223529.0,54.58333333333333
15.0,115.0,223537.0,55.58333333333333
15.0,120.0,223545.0,56.666666666666664
15.0,125.0,223552.0,57.666666666666664
15.0,130.0,223558.0,58.666666666666664
15.0,135.0,223565.0,59.58333333333333
15.0,140.0,223570.0,60.5
15.0,145.0,223576.0,61.416666666666664
15.0,150.0,223581.0,62.25
15.0,155.0,223586.0,63.08333333333333
15.0,160.0,223590.0,63.916666666666664
15.0,165.0,223595.0,64.66666666666666
15.0,170.0,223599.0,65.41666666666666
15.0,175.0,223603.0,66.16666666666666
15.0,180.0,223606.0,66.91666666666666
15.0,185.0,223610.0,67.58333333333333
15.0,190.0,223613.0,68.33333333333333
15.0,195.0,223616.0,69.0
15.0,200.0,223619.0,69.66666666666666
16.0,40.0,172081.0,33.25
16.0,45.0,172108.0,35.33333333333333
16.0,50.0,172135.0,37.25
16.0,55.0,172161.0,39.166666666666664
16.0,60.0,172186.0,40.916666666666664
16.0,65.0,172209.0,42.58333333333333
16.0,70.0,172230.0,44.166666666666664
16.0,75.0,172250.0,45.666666666666664
16.0,80.0,172269.0,47.08333333333333
16.0,85.0,172286.0,48.5
16.0,90.0,172301.0,49.83333333333333
16.0,95.0,172316.0,51.08333333333333
16.0,100.0,172329.0,52.25
16.0,105.0,172342.0,53.5
16.0,110.0,172353.0,54.58333333333333
16.0,115.0,172364.0,55.666666666666664
16.0,120.0,172374.0,56.75
16.0,125.0,172383.0,57.75
16.0,130.0,172391.0,58.666666666666664
16.0,135.0,172399.0,59.666666666666664
16.0,140.0,172406.0,60.58333333333333
16.0,145.0,172412.0,61.416666666666664
16.0,150.0,172418.0,62.33333333333333
16.0,155.0,172423.0,63.166666666666664
16.0,160.0,172428.0,63.916666666666664
16.0,165.0,172432.0,64.75
16.0,170.0,172436.0,65.5
16.0,175.0,172439.0,66.25
16.0,180.0,172441.0,67.0
16.0,185.0,172443.0,67.66666666666666
16.0,190.0,172444.0,68.41666666666666
16.0,195.0,172445.0,69.08333333333333
16.0,200.0,172444.0,69.75
17.0,40.0,121380.0,33.25
17.0,45.0,121424.0,35.33333333333333
17.0,50.0,121467.0,37.25
17.0,55.0,121507.0,39.166666666666664
17.0,60.0,121544.0,40.916666666666664
17.0,65.0,121579.0,42.58333333333333
17.0,70.0,121610.0,44.166666666666664
17.0,75.0,121638.0,45.666666666666664
17.0,80.0,121664.0,47.08333333333333
17.0,85.0,121686.0,48.5
17.0,90.0,121707.0,49.83333333333333
17.0,95.0,121725.0,51.08333333333333
17.0,100.0,121741.0,52.33333333333333
17.0,105.0,121754.0,53.5
17.0,110.0,121766.0,54.58333333333333
17.0,115.0,121775.0,55.666666666666664
17.0,120.0,121783.0,56.75
17.0,125.0,121788.0,57.75
17.0,130.0,121792.0,58.75
17.0,135.0,121793.0,59.666666666666664
17.0,140.0,121792.0,60.58333333333333
17.0,145.0,121789.0,61.5
17.0,150.0,121784.0,62.33333333333333
17.0,155.0,121777.0,63.166666666666664
17.0,160.0,121767.0,64.0
17.0,165.0,121754.0,64.83333333333333
17.0,170.0,121739.0,65.58333333333333
17.0,175.0,121721.0,66.33333333333333
17.0,180.0,121700.0,67.08333333333333
17.0,185.0,121676.0,67.75
17.0,190.0,121649.0,68.5
17.0,195.0,121618.0,69.16666666666666
17.0,200.0,121583.0,69.83333333333333
18.0,40.0,72217.6,33.25
18.0,45.0,72287.2,35.33333333333333
18.0,50.0,72350.1,37.33333333333333
18.0,55.0,72405.3,39.166666666666664
18.0,60.0,72452.4,40.916666666666664
18.0,65.0,72491.3,42.58333333333333
18.0,70.0,72522.3,44.166666666666664
18.0,75.0,72545.6,45.666666666666664
18.0,80.0,72561.5,47.166666666666664
18.0,85.0,72570.2,48.5
18.0,90.0,72572.2,49.83333333333333
18.0,95.0,72567.5,51.08333333333333
18.0,100.0,72556.4,52.33333333333333
18.0,105.0,72538.9,53.5
18.0,110.0,72515.3,54.666666666666664
18.0,115.0,72485.4,55.75
18.0,120.0,72449.5,56.75
18.0,125.0,72407.4,57.83333333333333
18.0,130.0,72359.3,58.75
18.0,135.0,72305.0,59.75
18.0,140.0,72244.5,60.666666666666664
18.0,145.0,72177.9,61.5
18.0,150.0,72104.9,62.416666666666664
18.0,155.0,72025.6,63.25
18.0,160.0,71939.9,64.08333333333333
18.0,165.0,71847.7,64.83333333333333
18.0,170.0,71748.9,65.66666666666666
18.0,175.0,71643.4,66.41666666666666
18.0,180.0,71531.1,67.08333333333333
18.0,185.0,71412.0,67.83333333333333
18.0,190.0,71285.9,68.5
18.0,195.0,71152.7,69.16666666666666
18.0,200.0,71012.4,69.83333333333333
19.0,40.0,29816.2,33.33333333333333
19.0,45.0,29946.5,35.33333333333333
19.0,50.0,30062.1,37.33333333333333
19.0,55.0,30162.3,39.166666666666664
19.0,60.0,30247.5,40.916666666666664
19.0,65.0,30318.5,42.58333333333333
19.0,70.0,30376.5,44.166666666666664
19.0,75.0,30422.6,45.666666666666664
19.0,80.0,30457.9,47.166666666666664
19.0,85.0,30483.5,48.5
19.0,90.0,30500.2,49.83333333333333
19.0,95.0,30508.9,51.166666666666664
19.0,100.0,30510.2,52.33333333333333
19.0,105.0,30504.7,53.5
19.0,110.0,30493.0,54.666666666666664
19.0,115.0,30475.5,55.75
19.0,120.0,30452.6,56.83333333333333
19.0,125.0,30424.7,57.83333333333333
19.0,130.0,30392.2,58.83333333333333
19.0,135.0,30355.2,59.75
19.0,140.0,30314.0,60.666666666666664
19.0,145.0,30268.8,61.58333333333333
19.0,150.0,30219.9,62.416666666666664
19.0,155.0,30167.3,63.25
19.0,160.0,30111.3,64.08333333333333
19.0,165.0,30052.0,64.91666666666666
19.0,170.0,29989.6,65.66666666666666
19.0,175.0,29924.1,66.41666666666666
19.0,180.0,29855.6,67.16666666666666
19.0,185.0,29784.3,67.91666666666666
19.0,190.0,29710.2,68.58333333333333
19.0,195.0,29633.5,69.25
19.0,200.0,29554.2,69.91666666666666
20.0,40.0,10334.6,33.33333333333333
20.0,45.0,10468.0,35.33333333333333
20.0,50.0,10590.0,37.33333333333333
20.0,55.0,10700.3,39.166666666666664
20.0,60.0,10799.4,40.916666666666664
20.0,65.0,10888.2,42.58333333333333
20.0,70.0,10967.7,44.166666666666664
20.0,75.0,11038.9,45.75
20.0,80.0,11102.7,47.166666666666664
20.0,85.0,11160.0,48.58333333333333
20.0,90.0,11211.5,49.916666666666664
20.0,95.0,11257.9,51.166666666666664
20.0,100.0,11299.7,52.416666666666664
20.0,105.0,11337.5,53.58333333333333
20.0,110.0,11371.6,54.666666666666664
20.0,115.0,11402.5,55.75
20.0,120.0,11430.4,56.83333333333333
20.0,125.0,11455.6,57.83333333333333
20.0,130.0,11478.4,58.83333333333333
20.0,135.0,11498.9,59.75
20.0,140.0,11517.4,60.75
20.0,145.0,11534.1,61.58333333333333
20.0,150.0,11548.9,62.5
20.0,155.0,11562.2,63.33333333333333
20.0,160.0,11574.0,64.16666666666666
20.0,165.0,11584.3,64.91666666666666
20.0,170.0,11593.4,65.75
20.0,175.0,11601.2,66.5
20.0,180.0,11607.8,67.16666666666666
20.0,185.0,11613.4,67.91666666666666
20.0,190.0,11617.8,68.58333333333333
20.0,195.0,11621.3,69.33333333333333
20.0,200.0,11623.8,70.0
21.0,40.0,5283.62,33.33333333333333
21.0,45.0,5364.32,35.33333333333333
21.0,50.0,5438.39,37.33333333333333
21.0,55.0,5505.67,39.166666666666664
21.0,60.0,5566.44,40.916666666666664
21.0,65.0,5621.21,42.58333333333333
21.0,70.0,5670.57,44.166666666666664
21.0,75.0,5715.11,45.75
21.0,80.0,5755.39,47.166666666666664
21.0,85.0,5791.89,48.58333333333333
21.0,90.0,5825.08,49.916666666666664
21.0,95.0,5855.33,51.166666666666664
21.0,100.0,5882.99,52.416666666666664
21.0,105.0,5908.35,53.58333333333333
21.0,110.0,5931.67,54.666666666666664
21.0,115.0,5953.16,55.83333333333333
21.0,120.0,5973.03,56.83333333333333
21.0,125.0,5991.42,57.83333333333333
21.0,130.0,6008.5,58.83333333333333
21.0,135.0,6024.39,59.83333333333333
21.0,140.0,6039.2,60.75
21.0,145.0,6053.03,61.666666666666664
21.0,150.0,6065.97,62.5
21.0,155.0,6078.08,63.33333333333333
21.0,160.0,6089.45,64.16666666666666
21.0,165.0,6100.13,65.0
21.0,170.0,6110.18,65.75
21.0,175.0,6119.63,66.5
21.0,180.0,6128.54,67.25
21.0,185.0,6136.95,68.0
21.0,190.0,6144.89,68.66666666666666
21.0,195.0,6152.38,69.33333333333333
21.0,200.0,6159.46,70.0
22.0,40.0,3468.68,33.33333333333333
22.0,45.0,3523.64,35.33333333333333
22.0,50.0,3574.11,37.33333333333333
22.0,55.0,3619.97,39.166666666666664
22.0,60.0,3661.4,40.916666666666664
22.0,65.0,3698.76,42.58333333333333
22.0,70.0,3732.45,44.166666666666664
22.0,75.0,3762.85,45.75
22.0,80.0,3790.36,47.166666666666664
22.0,85.0,3815.31,48.58333333333333
22.0,90.0,3838.0,49.916666666666664
22.0,95.0,3858.7,51.166666666666664
22.0,100.0,3877.64,52.416666666666664
22.0,105.0,3895.01,53.58333333333333
22.0,110.0,3911.0,54.75
22.0,115.0,3925.75,55.83333333333333
22.0,120.0,3939.4,56.83333333333333
22.0,125.0,3952.06,57.916666666666664
22.0,130.0,3963.82,58.83333333333333
22.0,135.0,3974.79,59.83333333333333
22.0,140.0,3985.02,60.75
22.0,145.0,3994.6,61.666666666666664
22.0,150.0,4003.58,62.5
22.0,155.0,4012.01,63.33333333333333
22.0,160.0,4019.95,64.16666666666666
22.0,165.0,4027.42,65.0
22.0,170.0,4034.48,65.75
22.0,175.0,4041.15,66.5
22.0,180.0,4047.47,67.25
22.0,185.0,4053.45,68.0
22.0,190.0,4059.13,68.66666666666666
22.0,195.0,4064.53,69.41666666666666
22.0,200.0,4069.66,70.08333333333333
23.0,40.0,2569.79,33.33333333333333
23.0,45.0,2611.07,35.33333333333333
23.0,50.0,2648.98,37.33333333333333
23.0,55.0,2683.42,39.166666666666664
23.0,60.0,2714.55,40.916666666666664
23.0,65.0,2742.62,42.58333333333333
23.0,70.0,2767.93,44.166666666666664
23.0,75.0,2790.77,45.75
23.0,80.0,2811.44,47.166666666666664
23.0,85.0,2830.19,48.58333333333333
23.0,90.0,2847.24,49.916666666666664
23.0,95.0,2862.8,51.166666666666664
23.0,100.0,2877.03,52.416666666666664
23.0,105.0,2890.09,53.58333333333333
23.0,110.0,2902.11,54.75
23.0,115.0,2913.2,55.83333333333333
23.0,120.0,2923.46,56.916666666666664
23.0,125.0,2932.98,57.916666666666664
23.0,130.0,2941.83,58.916666666666664
23.0,135.0,2950.07,59.83333333333333
23.0,140.0,2957.77,60.75
23.0,145.0,2964.97,61.666666666666664
23.0,150.0,2971.73,62.58333333333333
23.0,155.0,2978.07,63.416666666666664
23.0,160.0,2984.04,64.25
23.0,165.0,2989.67,65.0
23.0,170.0,2994.98,65.83333333333333
23.0,175.0,3000.0,66.58333333333333
23.0,180.0,3004.76,67.33333333333333
23.0,185.0,3009.26,68.0
23.0,190.0,3013.55,68.75
23.0,195.0,3017.61,69.41666666666666
23.0,200.0,3021.49,70.08333333333333
24.0,40.0,2037.89,33.33333333333333
24.0,45.0,2070.84,35.33333333333333
24.0,50.0,2101.1,37.33333333333333
24.0,55.0,2128.6,39.166666666666664
24.0,60.0,2153.45,40.916666666666664
24.0,65.0,2175.85,42.58333333333333
24.0,70.0,2196.06,44.25
24.0,75.0,2214.3,45.75
24.0,80.0,2230.8,47.166666666666664
24.0,85.0,2245.77,48.58333333333333
24.0,90.0,2259.38,49.916666666666664
24.0,95.0,2271.8,51.166666666666664
24.0,100.0,2283.17,52.416666666666664
24.0,105.0,2293.6,53.58333333333333
24.0,110.0,2303.19,54.75
24.0,115.0,2312.05,55.83333333333333
24.0,120.0,2320.24,56.916666666666664
24.0,125.0,2327.84,57.916666666666664
24.0,130.0,2334.9,58.916666666666664
24.0,135.0,2341.48,59.83333333333333
24.0,140.0,2347.63,60.83333333333333
24.0,145.0,2353.38,61.666666666666664
24.0,150.0,2358.78,62.58333333333333
24.0,155.0,2363.84,63.416666666666664
24.0,160.0,2368.61,64.25
24.0,165.0,2373.1,65.0
24.0,170.0,2377.34,65.83333333333333
24.0,175.0,2381.36,66.58333333333333
24.0,180.0,2385.15,67.33333333333333
24.0,185.0,2388.75,68.08333333333333
24.0,190.0,2392.17,68.75
24.0,195.0,2395.42,69.41666666666666
24.0,200.0,2398.52,70.08333333333333
25.0,40.0,1687.39,33.33333333333333
25.0,45.0,1714.78,35.33333333333333
25.0,50.0,1739.93,37.33333333333333
25.0,55.0,1762.78,39.166666666666664
25.0,60.0,1783.44,40.916666666666664
25.0,65.0,1802.06,42.58333333333333
25.0,70.0,1818.85,44.25
25.0,75.0,1834.01,45.75
25.0,80.0,1847.72,47.166666666666664
25.0,85.0,1860.16,48.58333333333333
25.0,90.0,1871.48,49.916666666666664
25.0,95.0,1881.8,51.166666666666664
25.0,100.0,1891.25,52.416666666666664
25.0,105.0,1899.92,53.58333333333333
25.0,110.0,1907.89,54.75
25.0,115.0,1915.25,55.83333333333333
25.0,120.0,1922.06,56.916666666666664
25.0,125.0,1928.37,57.916666666666664
25.0,130.0,1934.25,58.916666666666664
25.0,135.0,1939.72,59.916666666666664
25.0,140.0,1944.83,60.83333333333333
25.0,145.0,1949.61,61.666666666666664
25.0,150.0,1954.09,62.58333333333333
25.0,155.0,1958.3,63.416666666666664
25.0,160.0,1962.26,64.25
25.0,165.0,1966.0,65.08333333333333
25.0,170.0,1969.52,65.83333333333333
25.0,175.0,1972.86,66.58333333333333
25.0,180.0,1976.01,67.33333333333333
25.0,185.0,1979.01,68.08333333333333
25.0,190.0,1981.85,68.75
25.0,195.0,1984.55,69.5
25.0,200.0,1987.12,70.16666666666666
26.0,40.0,1439.35,33.33333333333333
26.0,45.0,1462.76,35.33333333333333
26.0,50.0,1484.27,37.33333333333333
26.0,55.0,1503.81,39.166666666666664
26.0,60.0,1521.47,40.916666666666664
26.0,65.0,1537.39,42.58333333333333
26.0,70.0,1551.74,44.25
26.0,75.0,1564.7,45.75
26.0,80.0,1576.43,47.166666666666664
26.0,85.0,1587.07,48.58333333333333
26.0,90.0,1596.74,49.916666666666664
26.0,95.0,1605.57,51.166666666666664
26.0,100.0,1613.64,52.416666666666664
26.0,105.0,1621.05,53.58333333333333
26.0,110.0,1627.87,54.75
26.0,115.0,1634.16,55.83333333333333
26.0,120.0,1639.98,56.916666666666664
26.0,125.0,1645.38,57.916666666666664
26.0,130.0,1650.4,58.916666666666664
26.0,135.0,1655.08,59.916666666666664
26.0,140.0,1659.45,60.83333333333333
26.0,145.0,1663.54,61.75
26.0,150.0,1667.37,62.58333333333333
26.0,155.0,1670.97,63.416666666666664
26.0,160.0,1674.36,64.25
26.0,165.0,1677.55,65.08333333333333
26.0,170.0,1680.56,65.83333333333333
26.0,175.0,1683.41,66.58333333333333
26.0,180.0,1686.11,67.33333333333333
26.0,185.0,1688.67,68.08333333333333
26.0,190.0,1691.1,68.83333333333333
26.0,195.0,1693.41,69.5
26.0,200.0,1695.61,70.16666666666666
27.0,40.0,1254.68,33.33333333333333
27.0,45.0,1275.13,35.33333333333333
27.0,50.0,1293.9,37.33333333333333
27.0,55.0,1310.96,39.166666666666664
27.0,60.0,1326.38,40.916666666666664
27.0,65.0,1340.28,42.58333333333333
27.0,70.0,1352.81,44.25
27.0,75.0,1364.13,45.75
27.0,80.0,1374.37,47.166666666666664
27.0,85.0,1383.65,48.58333333333333
27.0,90.0,1392.1,49.916666666666664
27.0,95.0,1399.8,51.25
27.0,100.0,1406.85,52.416666666666664
27.0,105.0,1413.32,53.666666666666664
27.0,110.0,1419.28,54.75
27.0,115.0,1424.77,55.83333333333333
27.0,120.0,1429.85,56.916666666666664
27.0,125.0,1434.57,57.916666666666664
27.0,130.0,1438.95,58.916666666666664
27.0,135.0,1443.03,59.916666666666664
27.0,140.0,1446.85,60.83333333333333
27.0,145.0,1450.41,61.75
27.0,150.0,1453.76,62.58333333333333
27.0,155.0,1456.9,63.5
27.0,160.0,1459.86,64.25
27.0,165.0,1462.65,65.08333333333333
27.0,170.0,1465.28,65.91666666666666
27.0,175.0,1467.77,66.66666666666666
27.0,180.0,1470.12,67.41666666666666
27.0,185.0,1472.36,68.08333333333333
27.0,190.0,1474.48,68.83333333333333
27.0,195.0,1476.5,69.5
27.0,200.0,1478.41,70.16666666666666
28.0,40.0,1111.91,33.33333333333333
28.0,45.0,1130.05,35.33333333333333
28.0,50.0,1146.71,37.33333333333333
28.0,55.0,1161.85,39.166666666666664
28.0,60.0,1175.52,40.916666666666664
28.0,65.0,1187.86,42.666666666666664
28.0,70.0,1198.98,44.25
28.0,75.0,1209.01,45.75
28.0,80.0,1218.1,47.25
28.0,85.0,1226.33,48.58333333333333
28.0,90.0,1233.83,49.916666666666664
28.0,95.0,1240.66,51.25
28.0,100.0,1246.92,52.416666666666664
28.0,105.0,1252.66,53.666666666666664
28.0,110.0,1257.94,54.75
28.0,115.0,1262.81,55.83333333333333
28.0,120.0,1267.32,56.916666666666664
28.0,125.0,1271.5,58.0
28.0,130.0,1275.39,58.916666666666664
28.0,135.0,1279.01,59.916666666666664
28.0,140.0,1282.4,60.83333333333333
28.0,145.0,1285.56,61.75
28.0,150.0,1288.53,62.58333333333333
28.0,155.0,1291.32,63.5
28.0,160.0,1293.94,64.33333333333333
28.0,165.0,1296.42,65.08333333333333
28.0,170.0,1298.75,65.91666666666666
28.0,175.0,1300.96,66.66666666666666
28.0,180.0,1303.05,67.41666666666666
28.0,185.0,1305.03,68.16666666666666
28.0,190.0,1306.91,68.83333333333333
28.0,195.0,1308.7,69.5
28.0,200.0,1310.4,70.16666666666666
29.0,40.0,998.2589999999999,33.33333333333333
29.0,45.0,1014.56,35.33333333333333
29.0,50.0,1029.53,37.33333333333333
29.0,55.0,1043.12,39.166666666666664
29.0,60.0,1055.41,40.916666666666664
29.0,65.0,1066.49,42.666666666666664
29.0,70.0,1076.49,44.25
29.0,75.0,1085.51,45.75
29.0,80.0,1093.67,47.25
29.0,85.0,1101.07,48.58333333333333
29.0,90.0,1107.8,49.916666666666664
29.0,95.0,1113.94,51.25
29.0,100.0,1119.56,52.416666666666664
29.0,105.0,1124.72,53.666666666666664
29.0,110.0,1129.46,54.75
29.0,115.0,1133.84,55.916666666666664
29.0,120.0,1137.89,56.916666666666664
29.0,125.0,1141.65,58.0
29.0,130.0,1145.14,59.0
29.0,135.0,1148.4,59.916666666666664
29.0,140.0,1151.44,60.83333333333333
29.0,145.0,1154.28,61.75
29.0,150.0,1156.95,62.666666666666664
29.0,155.0,1159.45,63.5
29.0,160.0,1161.81,64.33333333333333
29.0,165.0,1164.03,65.08333333333333
29.0,170.0,1166.13,65.91666666666666
29.0,175.0,1168.11,66.66666666666666
29.0,180.0,1169.99,67.41666666666666
29.0,185.0,1171.77,68.16666666666666
29.0,190.0,1173.46,68.83333333333333
29.0,195.0,1175.07,69.58333333333333
29.0,200.0,1176.6,70.25
30.0,40.0,905.6489999999999,33.33333333333333
30.0,45.0,920.446,35.33333333333333
30.0,50.0,934.034,37.33333333333333
30.0,55.0,946.3789999999999,39.166666666666664
30.0,60.0,957.535,40.916666666666664
30.0,65.0,967.5939999999999,42.666666666666664
30.0,70.0,976.664,44.25
30.0,75.0,984.852,45.75
30.0,80.0,992.26,47.25
30.0,85.0,998.9789999999999,48.58333333333333
30.0,90.0,1005.09,49.916666666666664
30.0,95.0,1010.67,51.25
30.0,100.0,1015.77,52.5
30.0,105.0,1020.45,53.666666666666664
30.0,110.0,1024.76,54.75
30.0,115.0,1028.73,55.916666666666664
30.0,120.0,1032.41,56.916666666666664
30.0,125.0,1035.82,58.0
30.0,130.0,1038.99,59.0
30.0,135.0,1041.94,59.916666666666664
30.0,140.0,1044.7,60.83333333333333
30.0,145.0,1047.29,61.75
30.0,150.0,1049.71,62.666666666666664
30.0,155.0,1051.98,63.5
30.0,160.0,1054.12,64.33333333333333
30.0,165.0,1056.14,65.16666666666666
30.0,170.0,1058.04,65.91666666666666
30.0,175.0,1059.84,66.66666666666666
30.0,180.0,1061.55,67.41666666666666
30.0,185.0,1063.16,68.16666666666666
30.0,190.0,1064.7,68.83333333333333
30.0,195.0,1066.16,69.58333333333333
30.0,200.0,1067.54,70.25
31.0,40.0,828.743,33.33333333333333
31.0,45.0,842.29,35.33333333333333
31.0,50.0,854.73,37.33333333333333
31.0,55.0,866.033,39.166666666666664
31.0,60.0,876.2460000000001,40.916666666666664
31.0,65.0,885.456,42.666666666666664
31.0,70.0,893.7589999999999,44.25
31.0,75.0,901.2560000000001,45.75
31.0,80.0,908.038,47.25
31.0,85.0,914.189,48.58333333333333
31.0,90.0,919.784,49.916666666666664
31.0,95.0,924.8889999999999,51.25
31.0,100.0,929.559,52.5
31.0,105.0,933.8439999999999,53.666666666666664
31.0,110.0,937.788,54.75
31.0,115.0,941.427,55.916666666666664
31.0,120.0,944.793,56.916666666666664
31.0,125.0,947.916,58.0
31.0,130.0,950.819,59.0
31.0,135.0,953.5239999999999,59.916666666666664
31.0,140.0,956.05,60.83333333333333
31.0,145.0,958.414,61.75
31.0,150.0,960.63,62.666666666666664
31.0,155.0,962.712,63.5
31.0,160.0,964.671,64.33333333333333
31.0,165.0,966.5169999999999,65.16666666666666
31.0,170.0,968.26,65.91666666666666
31.0,175.0,969.908,66.66666666666666
31.0,180.0,971.4689999999999,67.41666666666666
31.0,185.0,972.949,68.16666666666666
31.0,190.0,974.3530000000001,68.91666666666666
31.0,195.0,975.689,69.58333333333333
31.0,200.0,976.96,70.25
32.0,40.0,763.8610000000001,33.33333333333333
32.0,45.0,776.3539999999999,35.33333333333333
32.0,50.0,787.824,37.33333333333333
32.0,55.0,798.2460000000001,39.166666666666664
32.0,60.0,807.664,40.916666666666664
32.0,65.0,816.1560000000001,42.666666666666664
32.0,70.0,823.812,44.25
32.0,75.0,830.7239999999999,45.75
32.0,80.0,836.9780000000001,47.25
32.0,85.0,842.65,48.58333333333333
32.0,90.0,847.809,49.916666666666664
32.0,95.0,852.515,51.25
32.0,100.0,856.821,52.5
32.0,105.0,860.773,53.666666666666664
32.0,110.0,864.409,54.83333333333333
32.0,115.0,867.7639999999999,55.916666666666664
32.0,120.0,870.868,57.0
32.0,125.0,873.747,58.0
32.0,130.0,876.424,59.0
32.0,135.0,878.918,59.916666666666664
32.0,140.0,881.247,60.916666666666664
32.0,145.0,883.426,61.75
32.0,150.0,885.47,62.666666666666664
32.0,155.0,887.3889999999999,63.5
32.0,160.0,889.196,64.33333333333333
32.0,165.0,890.898,65.16666666666666
32.0,170.0,892.505,65.91666666666666
32.0,175.0,894.025,66.75
32.0,180.0,895.4639999999999,67.41666666666666
32.0,185.0,896.828,68.16666666666666
32.0,190.0,898.123,68.91666666666666
32.0,195.0,899.355,69.58333333333333
32.0,200.0,900.5269999999999,70.25
33.0,40.0,708.3919999999999,33.33333333333333
33.0,45.0,719.9810000000001,35.33333333333333
33.0,50.0,730.623,37.33333333333333
33.0,55.0,740.291,39.166666666666664
33.0,60.0,749.028,40.916666666666664
33.0,65.0,756.905,42.666666666666664
33.0,70.0,764.008,44.25
33.0,75.0,770.42,45.75
33.0,80.0,776.221,47.25
33.0,85.0,781.4830000000001,48.58333333333333
33.0,90.0,786.2689999999999,49.916666666666664
33.0,95.0,790.635,51.25
33.0,100.0,794.6289999999999,52.5
33.0,105.0,798.295,53.666666666666664
33.0,110.0,801.668,54.83333333333333
33.0,115.0,804.78,55.916666666666664
33.0,120.0,807.66,57.0
33.0,125.0,810.33,58.0
33.0,130.0,812.813,59.0
33.0,135.0,815.127,59.916666666666664
33.0,140.0,817.288,60.916666666666664
33.0,145.0,819.309,61.75
33.0,150.0,821.205,62.666666666666664
33.0,155.0,822.9860000000001,63.5
33.0,160.0,824.6610000000001,64.33333333333333
33.0,165.0,826.2410000000001,65.16666666666666
33.0,170.0,827.7310000000001,65.91666666666666
33.0,175.0,829.1410000000001,66.75
33.0,180.0,830.4760000000001,67.5
33.0,185.0,831.742,68.16666666666666
33.0,190.0,832.943,68.91666666666666
33.0,195.0,834.085,69.58333333333333
33.0,200.0,835.172,70.25
34.0,40.0,660.427,33.33333333333333
34.0,45.0,671.235,35.33333333333333
34.0,50.0,681.158,37.33333333333333
34.0,55.0,690.175,39.166666666666664
34.0,60.0,698.322,40.916666666666664
34.0,65.0,705.668,42.666666666666664
34.0,70.0,712.291,44.25
34.0,75.0,718.2710000000001,45.75
34.0,80.0,723.681,47.25
34.0,85.0,728.587,48.58333333333333
34.0,90.0,733.05,50.0
34.0,95.0,737.1210000000001,51.25
34.0,100.0,740.846,52.5
34.0,105.0,744.2639999999999,53.666666666666664
34.0,110.0,747.41,54.83333333333333
34.0,115.0,750.312,55.916666666666664
34.0,120.0,752.997,57.0
34.0,125.0,755.488,58.0
34.0,130.0,757.803,59.0
34.0,135.0,759.961,59.916666666666664
34.0,140.0,761.9760000000001,60.916666666666664
34.0,145.0,763.8610000000001,61.83333333333333
34.0,150.0,765.6289999999999,62.666666666666664
34.0,155.0,767.289,63.5
34.0,160.0,768.852,64.33333333333333
34.0,165.0,770.324,65.16666666666666
34.0,170.0,771.715,66.0
34.0,175.0,773.029,66.75
34.0,180.0,774.2739999999999,67.5
34.0,185.0,775.454,68.16666666666666
34.0,190.0,776.574,68.91666666666666
34.0,195.0,777.64,69.58333333333333
34.0,200.0,778.653,70.33333333333333
35.0,40.0,618.5409999999999,33.33333333333333
35.0,45.0,628.6659999999999,35.33333333333333
35.0,50.0,637.962,37.33333333333333
35.0,55.0,646.408,39.166666666666664
35.0,60.0,654.0409999999999,41.0
35.0,65.0,660.922,42.666666666666664
35.0,70.0,667.127,44.25
35.0,75.0,672.7289999999999,45.75
35.0,80.0,677.796,47.25
35.0,85.0,682.393,48.58333333333333
35.0,90.0,686.573,50.0
35.0,95.0,690.387,51.25
35.0,100.0,693.877,52.5
35.0,105.0,697.079,53.666666666666664
35.0,110.0,700.025,54.83333333333333
35.0,115.0,702.7439999999999,55.916666666666664
35.0,120.0,705.2589999999999,57.0
35.0,125.0,707.592,58.0
35.0,130.0,709.7610000000001,59.0
35.0,135.0,711.7819999999999,60.0
35.0,140.0,713.67,60.916666666666664
35.0,145.0,715.436,61.83333333333333
35.0,150.0,717.092,62.666666666666664
35.0,155.0,718.6469999999999,63.5
35.0,160.0,720.1110000000001,64.33333333333333
35.0,165.0,721.49,65.16666666666666
35.0,170.0,722.793,66.0
35.0,175.0,724.0239999999999,66.75
35.0,180.0,725.19,67.5
35.0,185.0,726.296,68.25
35.0,190.0,727.345,68.91666666666666
35.0,195.0,728.3430000000001,69.66666666666666
35.0,200.0,729.293,70.33333333333333
36.0,40.0,581.648,33.33333333333333
36.0,45.0,591.17,35.33333333333333
36.0,50.0,599.914,37.33333333333333
36.0,55.0,607.8580000000001,39.166666666666664
36.0,60.0,615.0369999999999,41.0
36.0,65.0,621.509,42.666666666666664
36.0,70.0,627.345,44.25
36.0,75.0,632.613,45.75
36.0,80.0,637.379,47.25
36.0,85.0,641.702,48.666666666666664
36.0,90.0,645.634,50.0
36.0,95.0,649.221,51.25
36.0,100.0,652.503,52.5
36.0,105.0,655.515,53.666666666666664
36.0,110.0,658.2860000000001,54.83333333333333
36.0,115.0,660.8430000000001,55.916666666666664
36.0,120.0,663.209,57.0
36.0,125.0,665.403,58.0
36.0,130.0,667.443,59.0
36.0,135.0,669.3439999999999,60.0
36.0,140.0,671.1189999999999,60.916666666666664
36.0,145.0,672.78,61.83333333333333
36.0,150.0,674.3380000000001,62.666666666666664
36.0,155.0,675.8,63.58333333333333
36.0,160.0,677.177,64.41666666666666
36.0,165.0,678.4739999999999,65.16666666666666
36.0,170.0,679.699,66.0
36.0,175.0,680.857,66.75
36.0,180.0,681.954,67.5
36.0,185.0,682.9939999999999,68.25
36.0,190.0,683.9810000000001,68.91666666666666
36.0,195.0,684.919,69.66666666666666
36.0,200.0,685.812,70.33333333333333
37.0,40.0,548.905,33.33333333333333
37.0,45.0,557.894,35.416666666666664
37.0,50.0,566.146,37.33333333333333
37.0,55.0,573.645,39.166666666666664
37.0,60.0,580.42,41.0
37.0,65.0,586.529,42.666666666666664
37.0,70.0,592.0369999999999,44.25
37.0,75.0,597.01,45.75
37.0,80.0,601.509,47.25
37.0,85.0,605.589,48.666666666666664
37.0,90.0,609.3,50.0
37.0,95.0,612.686,51.25
37.0,100.0,615.783,52.5
37.0,105.0,618.626,53.666666666666664
37.0,110.0,621.241,54.83333333333333
37.0,115.0,623.655,55.916666666666664
37.0,120.0,625.888,57.0
37.0,125.0,627.9590000000001,58.0
37.0,130.0,629.884,59.0
37.0,135.0,631.678,60.0
37.0,140.0,633.354,60.916666666666664
37.0,145.0,634.9209999999999,61.83333333333333
37.0,150.0,636.391,62.666666666666664
37.0,155.0,637.7719999999999,63.58333333333333
37.0,160.0,639.071,64.41666666666666
37.0,165.0,640.2959999999999,65.16666666666666
37.0,170.0,641.452,66.0
37.0,175.0,642.545,66.75
37.0,180.0,643.58,67.5
37.0,185.0,644.561,68.25
37.0,190.0,645.493,68.91666666666666
37.0,195.0,646.379,69.66666666666666
37.0,200.0,647.222,70.33333333333333
38.0,40.0,519.651,33.33333333333333
38.0,45.0,528.161,35.416666666666664
38.0,50.0,535.976,37.33333333333333
38.0,55.0,543.075,39.166666666666664
38.0,60.0,549.491,41.0
38.0,65.0,555.275,42.666666666666664
38.0,70.0,560.49,44.25
38.0,75.0,565.198,45.75
38.0,80.0,569.4580000000001,47.25
38.0,85.0,573.321,48.666666666666664
38.0,90.0,576.835,50.0
38.0,95.0,580.0409999999999,51.25
38.0,100.0,582.974,52.5
38.0,105.0,585.665,53.666666666666664
38.0,110.0,588.141,54.83333333333333
38.0,115.0,590.4259999999999,55.916666666666664
38.0,120.0,592.5409999999999,57.0
38.0,125.0,594.501,58.0
38.0,130.0,596.3240000000001,59.0
38.0,135.0,598.023,60.0
38.0,140.0,599.609,60.916666666666664
38.0,145.0,601.094,61.83333333333333
38.0,150.0,602.486,62.666666666666664
38.0,155.0,603.793,63.58333333333333
38.0,160.0,605.023,64.41666666666666
38.0,165.0,606.182,65.16666666666666
38.0,170.0,607.2769999999999,66.0
38.0,175.0,608.312,66.75
38.0,180.0,609.2919999999999,67.5
38.0,185.0,610.221,68.25
38.0,190.0,611.1030000000001,68.91666666666666
38.0,195.0,611.942,69.66666666666666
38.0,200.0,612.74,70.33333333333333
39.0,40.0,493.355,33.33333333333333
39.0,45.0,501.436,35.416666666666664
39.0,50.0,508.856,37.33333333333333
39.0,55.0,515.5980000000001,39.166666666666664
39.0,60.0,521.689,41.0
39.0,65.0,527.181,42.666666666666664
39.0,70.0,532.133,44.25
39.0,75.0,536.604,45.75
39.0,80.0,540.648,47.25
39.0,85.0,544.316,48.666666666666664
39.0,90.0,547.653,50.0
39.0,95.0,550.697,51.25
39.0,100.0,553.481,52.5
39.0,105.0,556.0369999999999,53.666666666666664
39.0,110.0,558.388,54.83333333333333
39.0,115.0,560.558,55.916666666666664
39.0,120.0,562.565,57.0
39.0,125.0,564.427,58.0
39.0,130.0,566.158,59.0
39.0,135.0,567.771,60.0
39.0,140.0,569.2769999999999,60.916666666666664
39.0,145.0,570.687,61.83333333333333
39.0,150.0,572.008,62.666666666666664
39.0,155.0,573.249,63.58333333333333
39.0,160.0,574.4169999999999,64.41666666666666
39.0,165.0,575.518,65.25
39.0,170.0,576.558,66.0
39.0,175.0,577.54,66.75
39.0,180.0,578.471,67.5
39.0,185.0,579.3530000000001,68.25
39.0,190.0,580.191,69.0
39.0,195.0,580.987,69.66666666666666
39.0,200.0,581.745,70.33333333333333
40.0,40.0,469.592,33.33333333333333
40.0,45.0,477.285,35.416666666666664
40.0,50.0,484.348,37.33333333333333
40.0,55.0,490.765,39.166666666666664
40.0,60.0,496.564,41.0
40.0,65.0,501.792,42.666666666666664
40.0,70.0,506.506,44.25
40.0,75.0,510.76199999999994,45.75
40.0,80.0,514.612,47.25
40.0,85.0,518.104,48.666666666666664
40.0,90.0,521.28,50.0
40.0,95.0,524.177,51.25
40.0,100.0,526.828,52.5
40.0,105.0,529.261,53.666666666666664
40.0,110.0,531.499,54.83333333333333
40.0,115.0,533.565,55.916666666666664
40.0,120.0,535.475,57.0
40.0,125.0,537.248,58.0
40.0,130.0,538.895,59.0
40.0,135.0,540.431,60.0
40.0,140.0,541.865,60.916666666666664
40.0,145.0,543.206,61.83333333333333
40.0,150.0,544.464,62.75
40.0,155.0,545.646,63.58333333333333
40.0,160.0,546.758,64.41666666666666
40.0,165.0,547.806,65.25
40.0,170.0,548.795,66.0
40.0,175.0,549.73,66.75
40.0,180.0,550.616,67.5
40.0,185.0,551.456,68.25
40.0,190.0,552.253,69.0
40.0,195.0,553.011,69.66666666666666
40.0,200.0,553.732,70.33333333333333
